Model,RMSE,R2,AIC
Linear Regression,2202.360501874379,-5.1622324754641014e-05,N/A
Multiple Linear Regression,2197.9949421494866,0.003909089930615561,N/A
Poisson Regression,N/A,N/A,117446860.7226008
